id,book,chapter,verse,subtitle,text,verse_id,source_url,theme,emotion
1,ezra,1,1,,"Now in the first year of Cyrus king of Persia, that the word of the LORD by the mouth of Jeremiah might be fulfilled, the LORD stirred up the spirit of Cyrus king of Persia, that he made a proclamation throughout all his kingdom, and put it also in writing, saying,",ezra_1_1,https://github.com/seven1m/open-bibles,faith;hope;forgiveness,neutral
2,ezra,1,2,,"Thus saith Cyrus king of Persia, The LORD God of heaven hath given me all the kingdoms of the earth; and he hath charged me to build him an house at Jerusalem, which is in Judah.",ezra_1_2,https://github.com/seven1m/open-bibles,faith;hope;forgiveness,anger
3,ezra,1,3,,"Who is there among you of all his people? his God be with him, and let him go up to Jerusalem, which is in Judah, and build the house of the LORD God of Israel, (he is the God,) which is in Jerusalem.",ezra_1_3,https://github.com/seven1m/open-bibles,faith;hope;forgiveness;love;fear,neutral
4,ezra,1,4,,"And whosoever remaineth in any place where he sojourneth, let the men of his place help him with silver, and with gold, and with goods, and with beasts, beside the freewill offering for the house of God that is in Jerusalem.",ezra_1_4,https://github.com/seven1m/open-bibles,hope;faith;forgiveness;love,disgust
5,ezra,1,5,,"Then rose up the chief of the fathers of Judah and Benjamin, and the priests, and the Levites, with all them whose spirit God had raised, to go up to build the house of the LORD which is in Jerusalem.",ezra_1_5,https://github.com/seven1m/open-bibles,faith;hope,neutral
6,ezra,1,6,,"And all they that were about them strengthened their hands with vessels of silver, with gold, with goods, and with beasts, and with precious things, beside all that was willingly offered.",ezra_1_6,https://github.com/seven1m/open-bibles,faith,neutral
7,ezra,1,7,,"Also Cyrus the king brought forth the vessels of the house of the LORD, which Nebuchadnezzar had brought forth out of Jerusalem, and had put them in the house of his gods;",ezra_1_7,https://github.com/seven1m/open-bibles,faith,neutral
8,ezra,1,8,,"Even those did Cyrus king of Persia bring forth by the hand of Mithredath the treasurer, and numbered them unto Sheshbazzar, the prince of Judah.",ezra_1_8,https://github.com/seven1m/open-bibles,faith,neutral
9,ezra,1,9,,"And this is the number of them: thirty chargers of gold, a thousand chargers of silver, nine and twenty knives,",ezra_1_9,https://github.com/seven1m/open-bibles,,neutral
10,ezra,1,10,,"Thirty basons of gold, silver basons of a second sort four hundred and ten, and other vessels a thousand.",ezra_1_10,https://github.com/seven1m/open-bibles,,neutral
11,ezra,1,11,,All the vessels of gold and of silver were five thousand and four hundred. All these did Sheshbazzar bring up with them of the captivity that were brought up from Babylon unto Jerusalem.,ezra_1_11,https://github.com/seven1m/open-bibles,faith;fear;forgiveness,neutral
12,ezra,2,1,,"Now these are the children of the province that went up out of the captivity, of those which had been carried away, whom Nebuchadnezzar the king of Babylon had carried away unto Babylon, and came again unto Jerusalem and Judah, every one unto his city;",ezra_2_1,https://github.com/seven1m/open-bibles,forgiveness;faith;hope;love,neutral
13,ezra,2,2,,"Which came with Zerubbabel: Jeshua, Nehemiah, Seraiah, Reelaiah, Mordecai, Bilshan, Mizpar, Bigvai, Rehum, Baanah. The number of the men of the people of Israel:",ezra_2_2,https://github.com/seven1m/open-bibles,faith,neutral
14,ezra,2,3,,"The children of Parosh, two thousand an hundred seventy and two.",ezra_2_3,https://github.com/seven1m/open-bibles,faith,joy
15,ezra,2,4,,"The children of Shephatiah, three hundred seventy and two.",ezra_2_4,https://github.com/seven1m/open-bibles,faith,joy
16,ezra,2,5,,"The children of Arah, seven hundred seventy and five.",ezra_2_5,https://github.com/seven1m/open-bibles,faith,joy
17,ezra,2,6,,"The children of Pahath-moab, of the children of Jeshua and Joab, two thousand eight hundred and twelve.",ezra_2_6,https://github.com/seven1m/open-bibles,faith,joy
18,ezra,2,7,,"The children of Elam, a thousand two hundred fifty and four.",ezra_2_7,https://github.com/seven1m/open-bibles,faith,joy
19,ezra,2,8,,"The children of Zattu, nine hundred forty and five.",ezra_2_8,https://github.com/seven1m/open-bibles,faith,joy
20,ezra,2,9,,"The children of Zaccai, seven hundred and threescore.",ezra_2_9,https://github.com/seven1m/open-bibles,faith,joy
21,ezra,2,10,,"The children of Bani, six hundred forty and two.",ezra_2_10,https://github.com/seven1m/open-bibles,faith,joy
22,ezra,2,11,,"The children of Bebai, six hundred twenty and three.",ezra_2_11,https://github.com/seven1m/open-bibles,faith,joy
23,ezra,2,12,,"The children of Azgad, a thousand two hundred twenty and two.",ezra_2_12,https://github.com/seven1m/open-bibles,faith,joy
24,ezra,2,13,,"The children of Adonikam, six hundred sixty and six.",ezra_2_13,https://github.com/seven1m/open-bibles,faith,joy
25,ezra,2,14,,"The children of Bigvai, two thousand fifty and six.",ezra_2_14,https://github.com/seven1m/open-bibles,faith,joy
26,ezra,2,15,,"The children of Adin, four hundred fifty and four.",ezra_2_15,https://github.com/seven1m/open-bibles,faith,joy
27,ezra,2,16,,"The children of Ater of Hezekiah, ninety and eight.",ezra_2_16,https://github.com/seven1m/open-bibles,faith,joy
28,ezra,2,17,,"The children of Bezai, three hundred twenty and three.",ezra_2_17,https://github.com/seven1m/open-bibles,faith,joy
29,ezra,2,18,,"The children of Jorah, an hundred and twelve.",ezra_2_18,https://github.com/seven1m/open-bibles,faith,joy
30,ezra,2,19,,"The children of Hashum, two hundred twenty and three.",ezra_2_19,https://github.com/seven1m/open-bibles,faith,joy
31,ezra,2,20,,"The children of Gibbar, ninety and five.",ezra_2_20,https://github.com/seven1m/open-bibles,faith,joy
32,ezra,2,21,,"The children of Bethlehem, an hundred twenty and three.",ezra_2_21,https://github.com/seven1m/open-bibles,faith;hope,joy
33,ezra,2,22,,"The men of Netophah, fifty and six.",ezra_2_22,https://github.com/seven1m/open-bibles,faith,joy
34,ezra,2,23,,"The men of Anathoth, an hundred twenty and eight.",ezra_2_23,https://github.com/seven1m/open-bibles,faith,neutral
35,ezra,2,24,,"The children of Azmaveth, forty and two.",ezra_2_24,https://github.com/seven1m/open-bibles,faith,joy
36,ezra,2,25,,"The children of Kirjath-arim, Chephirah, and Beeroth, seven hundred and forty and three.",ezra_2_25,https://github.com/seven1m/open-bibles,faith,joy
37,ezra,2,26,,"The children of Ramah and Gaba, six hundred twenty and one.",ezra_2_26,https://github.com/seven1m/open-bibles,faith;love,joy
38,ezra,2,27,,"The men of Michmas, an hundred twenty and two.",ezra_2_27,https://github.com/seven1m/open-bibles,faith,neutral
39,ezra,2,28,,"The men of Bethel and Ai, two hundred twenty and three.",ezra_2_28,https://github.com/seven1m/open-bibles,faith,neutral
40,ezra,2,29,,"The children of Nebo, fifty and two.",ezra_2_29,https://github.com/seven1m/open-bibles,faith,joy
41,ezra,2,30,,"The children of Magbish, an hundred fifty and six.",ezra_2_30,https://github.com/seven1m/open-bibles,faith,joy
42,ezra,2,31,,"The children of the other Elam, a thousand two hundred fifty and four.",ezra_2_31,https://github.com/seven1m/open-bibles,faith,joy
43,ezra,2,32,,"The children of Harim, three hundred and twenty.",ezra_2_32,https://github.com/seven1m/open-bibles,faith,joy
44,ezra,2,33,,"The children of Lod, Hadid, and Ono, seven hundred twenty and five.",ezra_2_33,https://github.com/seven1m/open-bibles,faith,joy
45,ezra,2,34,,"The children of Jericho, three hundred forty and five.",ezra_2_34,https://github.com/seven1m/open-bibles,faith,joy
46,ezra,2,35,,"The children of Senaah, three thousand and six hundred and thirty.",ezra_2_35,https://github.com/seven1m/open-bibles,faith,joy
47,ezra,2,36,,"The priests: the children of Jedaiah, of the house of Jeshua, nine hundred seventy and three.",ezra_2_36,https://github.com/seven1m/open-bibles,faith,joy
48,ezra,2,37,,"The children of Immer, a thousand fifty and two.",ezra_2_37,https://github.com/seven1m/open-bibles,faith,joy
49,ezra,2,38,,"The children of Pashur, a thousand two hundred forty and seven.",ezra_2_38,https://github.com/seven1m/open-bibles,faith,joy
50,ezra,2,39,,"The children of Harim, a thousand and seventeen.",ezra_2_39,https://github.com/seven1m/open-bibles,faith,joy
51,ezra,2,40,,"The Levites: the children of Jeshua and Kadmiel, of the children of Hodaviah, seventy and four.",ezra_2_40,https://github.com/seven1m/open-bibles,faith,joy
52,ezra,2,41,,"The singers: the children of Asaph, an hundred twenty and eight.",ezra_2_41,https://github.com/seven1m/open-bibles,faith,joy
53,ezra,2,42,,"The children of the porters: the children of Shallum, the children of Ater, the children of Talmon, the children of Akkub, the children of Hatita, the children of Shobai, in all an hundred thirty and nine.",ezra_2_42,https://github.com/seven1m/open-bibles,,neutral
54,ezra,2,43,,"The Nethinims: the children of Ziha, the children of Hasupha, the children of Tabbaoth,",ezra_2_43,https://github.com/seven1m/open-bibles,,neutral
55,ezra,2,44,,"The children of Keros, the children of Siaha, the children of Padon,",ezra_2_44,https://github.com/seven1m/open-bibles,,joy
56,ezra,2,45,,"The children of Lebanah, the children of Hagabah, the children of Akkub,",ezra_2_45,https://github.com/seven1m/open-bibles,faith,joy
57,ezra,2,46,,"The children of Hagab, the children of Shalmai, the children of Hanan,",ezra_2_46,https://github.com/seven1m/open-bibles,,joy
58,ezra,2,47,,"The children of Giddel, the children of Gahar, the children of Reaiah,",ezra_2_47,https://github.com/seven1m/open-bibles,faith,joy
59,ezra,2,48,,"The children of Rezin, the children of Nekoda, the children of Gazzam,",ezra_2_48,https://github.com/seven1m/open-bibles,,joy
60,ezra,2,49,,"The children of Uzza, the children of Paseah, the children of Besai,",ezra_2_49,https://github.com/seven1m/open-bibles,faith,joy
61,ezra,2,50,,"The children of Asnah, the children of Mehunim, the children of Nephusim,",ezra_2_50,https://github.com/seven1m/open-bibles,faith,joy
62,ezra,2,51,,"The children of Bakbuk, the children of Hakupha, the children of Harhur,",ezra_2_51,https://github.com/seven1m/open-bibles,,joy
63,ezra,2,52,,"The children of Bazluth, the children of Mehida, the children of Harsha,",ezra_2_52,https://github.com/seven1m/open-bibles,,joy
64,ezra,2,53,,"The children of Barkos, the children of Sisera, the children of Thamah,",ezra_2_53,https://github.com/seven1m/open-bibles,,joy
65,ezra,2,54,,"The children of Neziah, the children of Hatipha.",ezra_2_54,https://github.com/seven1m/open-bibles,,joy
66,ezra,2,55,,"The children of Solomon's servants: the children of Sotai, the children of Sophereth, the children of Peruda,",ezra_2_55,https://github.com/seven1m/open-bibles,faith,neutral
67,ezra,2,56,,"The children of Jaalah, the children of Darkon, the children of Giddel,",ezra_2_56,https://github.com/seven1m/open-bibles,,joy
68,ezra,2,57,,"The children of Shephatiah, the children of Hattil, the children of Pochereth of Zebaim, the children of Ami.",ezra_2_57,https://github.com/seven1m/open-bibles,faith;love,joy
69,ezra,2,58,,"All the Nethinims, and the children of Solomon's servants, were three hundred ninety and two.",ezra_2_58,https://github.com/seven1m/open-bibles,faith,neutral
70,ezra,2,59,,"And these were they which went up from Tel-melah, Tel-harsa, Cherub, Addan, and Immer: but they could not shew their father's house, and their seed, whether they were of Israel:",ezra_2_59,https://github.com/seven1m/open-bibles,fear;faith,neutral
71,ezra,2,60,,"The children of Delaiah, the children of Tobiah, the children of Nekoda, six hundred fifty and two.",ezra_2_60,https://github.com/seven1m/open-bibles,faith;love,neutral
72,ezra,2,61,,"And of the children of the priests: the children of Habaiah, the children of Koz, the children of Barzillai; which took a wife of the daughters of Barzillai the Gileadite, and was called after their name:",ezra_2_61,https://github.com/seven1m/open-bibles,faith,neutral
73,ezra,2,62,,"These sought their register among those that were reckoned by genealogy, but they were not found: therefore were they, as polluted, put from the priesthood.",ezra_2_62,https://github.com/seven1m/open-bibles,,disgust
74,ezra,2,63,,"And the Tirshatha said unto them, that they should not eat of the most holy things, till there stood up a priest with Urim and with Thummim.",ezra_2_63,https://github.com/seven1m/open-bibles,fear;faith,disgust
75,ezra,2,64,,"The whole congregation together was forty and two thousand three hundred and threescore,",ezra_2_64,https://github.com/seven1m/open-bibles,faith;forgiveness,neutral
76,ezra,2,65,,"Beside their servants and their maids, of whom there were seven thousand three hundred thirty and seven: and there were among them two hundred singing men and singing women.",ezra_2_65,https://github.com/seven1m/open-bibles,faith;forgiveness,neutral
77,ezra,2,66,,"Their horses were seven hundred thirty and six; their mules, two hundred forty and five;",ezra_2_66,https://github.com/seven1m/open-bibles,,neutral
78,ezra,2,67,,"Their camels, four hundred thirty and five; their asses, six thousand seven hundred and twenty.",ezra_2_67,https://github.com/seven1m/open-bibles,faith,neutral
79,ezra,2,68,,"And some of the chief of the fathers, when they came to the house of the LORD which is at Jerusalem, offered freely for the house of God to set it up in his place:",ezra_2_68,https://github.com/seven1m/open-bibles,faith;love;forgiveness,disgust
80,ezra,2,69,,"They gave after their ability unto the treasure of the work threescore and one thousand drams of gold, and five thousand pound of silver, and one hundred priests garments.",ezra_2_69,https://github.com/seven1m/open-bibles,faith;forgiveness,neutral
81,ezra,2,70,,"So the priests, and the Levites, and some of the people, and the singers, and the porters, and the Nethinims, dwelt in their cities, and all Israel in their cities.",ezra_2_70,https://github.com/seven1m/open-bibles,faith,disgust
82,ezra,3,1,,"And when the seventh month was come, and the children of Israel were in the cities, the people gathered themselves together as one man to Jerusalem.",ezra_3_1,https://github.com/seven1m/open-bibles,faith;love;forgiveness;hope,disgust
83,ezra,3,2,,"Then stood up Jeshua the son of Jozadak, and his brethren the priests, and Zerubbabel the son of Shealtiel, and his brethren, and builded the altar of the God of Israel, to offer burnt offerings thereon, as it is written in the law of Moses the man of God.",ezra_3_2,https://github.com/seven1m/open-bibles,faith,anger
84,ezra,3,3,,"And they set the altar upon his bases; for fear was upon them because of the people of those countries: and they offered burnt offerings thereon unto the LORD, even burnt offerings morning and evening.",ezra_3_3,https://github.com/seven1m/open-bibles,fear;faith,fear
85,ezra,3,4,,"They kept also the feast of tabernacles, as it is written, and offered the daily burnt offerings by number, according to the custom, as the duty of every day required;",ezra_3_4,https://github.com/seven1m/open-bibles,faith,neutral
86,ezra,3,5,,"And afterward offered the continual burnt offering, both of the new moons, and of all the set feasts of the LORD that were consecrated, and of every one that willingly offered a freewill offering unto the LORD.",ezra_3_5,https://github.com/seven1m/open-bibles,faith,disgust
87,ezra,3,6,,From the first day of the seventh month began they to offer burnt offerings unto the LORD. But the foundation of the temple of the LORD was not yet laid.,ezra_3_6,https://github.com/seven1m/open-bibles,faith,disgust
88,ezra,3,7,,"They gave money also unto the masons, and to the carpenters; and meat, and drink, and oil, unto them of Zidon, and to them of Tyre, to bring cedar trees from Lebanon to the sea of Joppa, according to the grant that they had of Cyrus king of Persia.",ezra_3_7,https://github.com/seven1m/open-bibles,faith,disgust
89,ezra,3,8,,"Now in the second year of their coming unto the house of God at Jerusalem, in the second month, began Zerubbabel the son of Shealtiel, and Jeshua the son of Jozadak, and the remnant of their brethren the priests and the Levites, and all they that were come out of the captivity unto Jerusalem; and appointed the Levites, from twenty years old and upward, to set forward the work of the house of the LORD.",ezra_3_8,https://github.com/seven1m/open-bibles,faith;hope;forgiveness,neutral
90,ezra,3,9,,"Then stood Jeshua with his sons and his brethren, Kadmiel and his sons, the sons of Judah, together, to set forward the workmen in the house of God: the sons of Henadad, with their sons and their brethren the Levites.",ezra_3_9,https://github.com/seven1m/open-bibles,faith;love;hope,neutral
91,ezra,3,10,,"And when the builders laid the foundation of the temple of the LORD, they set the priests in their apparel with trumpets, and the Levites the sons of Asaph with cymbals, to praise the LORD, after the ordinance of David king of Israel.",ezra_3_10,https://github.com/seven1m/open-bibles,faith,disgust
92,ezra,3,11,,"And they sang together by course in praising and giving thanks unto the LORD; because he is good, for his mercy endureth for ever toward Israel. And all the people shouted with a great shout, when they praised the LORD, because the foundation of the house of the LORD was laid.",ezra_3_11,https://github.com/seven1m/open-bibles,faith;forgiveness;hope;love,joy
93,ezra,3,12,,"But many of the priests and Levites and chief of the fathers, who were ancient men, that had seen the first house, when the foundation of this house was laid before their eyes, wept with a loud voice; and many shouted aloud for joy:",ezra_3_12,https://github.com/seven1m/open-bibles,faith;hope;love;forgiveness,joy
94,ezra,3,13,,"So that the people could not discern the noise of the shout of joy from the noise of the weeping of the people: for the people shouted with a loud shout, and the noise was heard afar off.",ezra_3_13,https://github.com/seven1m/open-bibles,,sadness
95,ezra,4,1,,Now when the adversaries of Judah and Benjamin heard that the children of the captivity builded the temple unto the LORD God of Israel;,ezra_4_1,https://github.com/seven1m/open-bibles,faith;fear,disgust
96,ezra,4,2,,"Then they came to Zerubbabel, and to the chief of the fathers, and said unto them, Let us build with you: for we seek your God, as ye do; and we do sacrifice unto him since the days of Esar-haddon king of Assur, which brought us up hither.",ezra_4_2,https://github.com/seven1m/open-bibles,faith;hope;love;forgiveness,neutral
97,ezra,4,3,,"But Zerubbabel, and Jeshua, and the rest of the chief of the fathers of Israel, said unto them, Ye have nothing to do with us to build an house unto our God; but we ourselves together will build unto the LORD God of Israel, as king Cyrus the king of Persia hath commanded us.",ezra_4_3,https://github.com/seven1m/open-bibles,faith;forgiveness;hope,neutral
98,ezra,4,4,,"Then the people of the land weakened the hands of the people of Judah, and troubled them in building,",ezra_4_4,https://github.com/seven1m/open-bibles,fear,anger
99,ezra,4,5,,"And hired counsellors against them, to frustrate their purpose, all the days of Cyrus king of Persia, even until the reign of Darius king of Persia.",ezra_4_5,https://github.com/seven1m/open-bibles,fear,anger
100,ezra,4,6,,"And in the reign of Ahasuerus, in the beginning of his reign, wrote they unto him an accusation against the inhabitants of Judah and Jerusalem.",ezra_4_6,https://github.com/seven1m/open-bibles,fear,anger
101,ezra,4,7,,"And in the days of Artaxerxes wrote Bishlam, Mithredath, Tabeel, and the rest of their companions, unto Artaxerxes king of Persia; and the writing of the letter was written in the Syrian tongue, and interpreted in the Syrian tongue.",ezra_4_7,https://github.com/seven1m/open-bibles,,neutral
102,ezra,4,8,,Rehum the chancellor and Shimshai the scribe wrote a letter against Jerusalem to Artaxerxes the king in this sort:,ezra_4_8,https://github.com/seven1m/open-bibles,,anger
103,ezra,4,9,,"Then wrote Rehum the chancellor, and Shimshai the scribe, and the rest of their companions; the Dinaites, the Apharsathchites, the Tarpelites, the Apharsites, the Archevites, the Babylonians, the Susanchites, the Dehavites, and the Elamites,",ezra_4_9,https://github.com/seven1m/open-bibles,,neutral
104,ezra,4,10,,"And the rest of the nations whom the great and noble Asnapper brought over, and set in the cities of Samaria, and the rest that are on this side the river, and at such a time.",ezra_4_10,https://github.com/seven1m/open-bibles,faith;forgiveness,neutral
105,ezra,4,11,,"This is the copy of the letter that they sent unto him, even unto Artaxerxes the king; Thy servants the men on this side the river, and at such a time.",ezra_4_11,https://github.com/seven1m/open-bibles,faith;forgiveness,neutral
106,ezra,4,12,,"Be it known unto the king, that the Jews which came up from thee to us are come unto Jerusalem, building the rebellious and the bad city, and have set up the walls thereof, and joined the foundations.",ezra_4_12,https://github.com/seven1m/open-bibles,faith,anger
107,ezra,4,13,,"Be it known now unto the king, that, if this city be builded, and the walls set up again, then will they not pay toll, tribute, and custom, and so thou shalt endamage the revenue of the kings.",ezra_4_13,https://github.com/seven1m/open-bibles,fear,anger
108,ezra,4,14,,"Now because we have maintenance from the king's palace, and it was not meet for us to see the king's dishonour, therefore have we sent and certified the king;",ezra_4_14,https://github.com/seven1m/open-bibles,,neutral
109,ezra,4,15,,"That search may be made in the book of the records of thy fathers: so shalt thou find in the book of the records, and know that this city is a rebellious city, and hurtful unto kings and provinces, and that they have moved sedition within the same of old time: for which cause was this city destroyed.",ezra_4_15,https://github.com/seven1m/open-bibles,,anger
110,ezra,4,16,,"We certify the king that, if this city be builded again, and the walls thereof set up, by this means thou shalt have no portion on this side the river.",ezra_4_16,https://github.com/seven1m/open-bibles,faith;fear,neutral
111,ezra,4,17,,"Then sent the king an answer unto Rehum the chancellor, and to Shimshai the scribe, and to the rest of their companions that dwell in Samaria, and unto the rest beyond the river, Peace, and at such a time.",ezra_4_17,https://github.com/seven1m/open-bibles,forgiveness;hope;faith,neutral
112,ezra,4,18,,The letter which ye sent unto us hath been plainly read before me.,ezra_4_18,https://github.com/seven1m/open-bibles,faith,neutral
113,ezra,4,19,,"And I commanded, and search hath been made, and it is found that this city of old time hath made insurrection against kings, and that rebellion and sedition have been made therein.",ezra_4_19,https://github.com/seven1m/open-bibles,,anger
114,ezra,4,20,,"There have been mighty kings also over Jerusalem, which have ruled over all countries beyond the river; and toll, tribute, and custom, was paid unto them.",ezra_4_20,https://github.com/seven1m/open-bibles,faith,neutral
115,ezra,4,21,,"Give ye now commandment to cause these men to cease, and that this city be not builded, until another commandment shall be given from me.",ezra_4_21,https://github.com/seven1m/open-bibles,faith,anger
116,ezra,4,22,,Take heed now that ye fail not to do this: why should damage grow to the hurt of the kings?,ezra_4_22,https://github.com/seven1m/open-bibles,fear,anger
117,ezra,4,23,,"Now when the copy of king Artaxerxes' letter was read before Rehum, and Shimshai the scribe, and their companions, they went up in haste to Jerusalem unto the Jews, and made them to cease by force and power.",ezra_4_23,https://github.com/seven1m/open-bibles,fear;faith,anger
118,ezra,4,24,,Then ceased the work of the house of God which is at Jerusalem. So it ceased unto the second year of the reign of Darius king of Persia.,ezra_4_24,https://github.com/seven1m/open-bibles,faith,sadness
119,ezra,5,1,,"Then the prophets, Haggai the prophet, and Zechariah the son of Iddo, prophesied unto the Jews that were in Judah and Jerusalem in the name of the God of Israel, even unto them.",ezra_5_1,https://github.com/seven1m/open-bibles,faith;hope,neutral
120,ezra,5,2,,"Then rose up Zerubbabel the son of Shealtiel, and Jeshua the son of Jozadak, and began to build the house of God which is at Jerusalem: and with them were the prophets of God helping them.",ezra_5_2,https://github.com/seven1m/open-bibles,faith;hope,neutral
121,ezra,5,3,,"At the same time came to them Tatnai, governor on this side the river, and Shethar-boznai, and their companions, and said thus unto them, Who hath commanded you to build this house, and to make up this wall?",ezra_5_3,https://github.com/seven1m/open-bibles,fear;faith,fear
122,ezra,5,4,,"Then said we unto them after this manner, What are the names of the men that make this building?",ezra_5_4,https://github.com/seven1m/open-bibles,,neutral
123,ezra,5,5,,"But the eye of their God was upon the elders of the Jews, that they could not cause them to cease, till the matter came to Darius: and then they returned answer by letter concerning this matter.",ezra_5_5,https://github.com/seven1m/open-bibles,faith;fear;hope,neutral
124,ezra,5,6,,"The copy of the letter that Tatnai, governor on this side the river, and Shethar-boznai, and his companions the Apharsachites, which were on this side the river, sent unto Darius the king:",ezra_5_6,https://github.com/seven1m/open-bibles,faith,neutral
125,ezra,5,7,,"They sent a letter unto him, wherein was written thus; Unto Darius the king, all peace.",ezra_5_7,https://github.com/seven1m/open-bibles,forgiveness;faith;hope,neutral
126,ezra,5,8,,"Be it known unto the king, that we went into the province of Judea, to the house of the great God, which is builded with great stones, and timber is laid in the walls, and this work goeth fast on, and prospereth in their hands.",ezra_5_8,https://github.com/seven1m/open-bibles,hope;faith,disgust
127,ezra,5,9,,"Then asked we those elders, and said unto them thus, Who commanded you to build this house, and to make up these walls?",ezra_5_9,https://github.com/seven1m/open-bibles,faith,neutral
128,ezra,5,10,,"We asked their names also, to certify thee, that we might write the names of the men that were the chief of them.",ezra_5_10,https://github.com/seven1m/open-bibles,,neutral
129,ezra,5,11,,"And thus they returned us answer, saying, We are the servants of the God of heaven and earth, and build the house that was builded these many years ago, which a great king of Israel builded and set up.",ezra_5_11,https://github.com/seven1m/open-bibles,faith;hope,neutral
130,ezra,5,12,,"But after that our fathers had provoked the God of heaven unto wrath, he gave them into the hand of Nebuchadnezzar the king of Babylon, the Chaldean, who destroyed this house, and carried the people away into Babylon.",ezra_5_12,https://github.com/seven1m/open-bibles,fear,anger
131,ezra,5,13,,But in the first year of Cyrus the king of Babylon the same king Cyrus made a decree to build this house of God.,ezra_5_13,https://github.com/seven1m/open-bibles,faith;hope,neutral
132,ezra,5,14,,"And the vessels also of gold and silver of the house of God, which Nebuchadnezzar took out of the temple that was in Jerusalem, and brought them into the temple of Babylon, those did Cyrus the king take out of the temple of Babylon, and they were delivered unto one, whose name was Sheshbazzar, whom he had made governor;",ezra_5_14,https://github.com/seven1m/open-bibles,,neutral
133,ezra,5,15,,"And said unto him, Take these vessels, go, carry them into the temple that is in Jerusalem, and let the house of God be builded in his place.",ezra_5_15,https://github.com/seven1m/open-bibles,faith;forgiveness;hope;love,neutral
134,ezra,5,16,,"Then came the same Sheshbazzar, and laid the foundation of the house of God which is in Jerusalem: and since that time even until now hath it been in building, and yet it is not finished.",ezra_5_16,https://github.com/seven1m/open-bibles,faith,sadness
135,ezra,5,17,,"Now therefore, if it seem good to the king, let there be search made in the king's treasure house, which is there at Babylon, whether it be so, that a decree was made of Cyrus the king to build this house of God at Jerusalem, and let the king send his pleasure to us concerning this matter.",ezra_5_17,https://github.com/seven1m/open-bibles,faith;hope,neutral
136,ezra,6,1,,"Then Darius the king made a decree, and search was made in the house of the rolls, where the treasures were laid up in Babylon.",ezra_6_1,https://github.com/seven1m/open-bibles,fear;faith,anger
137,ezra,6,2,,"And there was found at Achmetha, in the palace that is in the province of the Medes, a roll, and therein was a record thus written:",ezra_6_2,https://github.com/seven1m/open-bibles,faith,neutral
138,ezra,6,3,,"In the first year of Cyrus the king the same Cyrus the king made a decree concerning the house of God at Jerusalem, Let the house be builded, the place where they offered sacrifices, and let the foundations thereof be strongly laid; the height thereof threescore cubits, and the breadth thereof threescore cubits;",ezra_6_3,https://github.com/seven1m/open-bibles,faith;hope,neutral
139,ezra,6,4,,"With three rows of great stones, and a row of new timber: and let the expences be given out of the king's house:",ezra_6_4,https://github.com/seven1m/open-bibles,faith,neutral
140,ezra,6,5,,"And also let the golden and silver vessels of the house of God, which Nebuchadnezzar took forth out of the temple which is at Jerusalem, and brought unto Babylon, be restored, and brought again unto the temple which is at Jerusalem, every one to his place, and place them in the house of God.",ezra_6_5,https://github.com/seven1m/open-bibles,faith;forgiveness;hope;love,neutral
141,ezra,6,6,,"Now therefore, Tatnai, governor beyond the river, Shethar-boznai, and your companions the Apharsachites, which are beyond the river, be ye far from thence:",ezra_6_6,https://github.com/seven1m/open-bibles,faith;forgiveness,neutral
142,ezra,6,7,,Let the work of this house of God alone; let the governor of the Jews and the elders of the Jews build this house of God in his place.,ezra_6_7,https://github.com/seven1m/open-bibles,faith;forgiveness,anger
143,ezra,6,8,,"Moreover I make a decree what ye shall do to the elders of these Jews for the building of this house of God: that of the king's goods, even of the tribute beyond the river, forthwith expenses be given unto these men, that they be not hindered.",ezra_6_8,https://github.com/seven1m/open-bibles,faith;fear;forgiveness;love,anger
144,ezra,6,9,,"And that which they have need of, both young bullocks, and rams, and lambs, for the burnt offerings of the God of heaven, wheat, salt, wine, and oil, according to the appointment of the priests which are at Jerusalem, let it be given them day by day without fail:",ezra_6_9,https://github.com/seven1m/open-bibles,faith;hope,neutral
145,ezra,6,10,,"That they may offer sacrifices of sweet savours unto the God of heaven, and pray for the life of the king, and of his sons.",ezra_6_10,https://github.com/seven1m/open-bibles,faith;hope,neutral
146,ezra,6,11,,"Also I have made a decree, that whosoever shall alter this word, let timber be pulled down from his house, and being set up, let him be hanged thereon; and let his house be made a dunghill for this.",ezra_6_11,https://github.com/seven1m/open-bibles,,anger
147,ezra,6,12,,"And the God that hath caused his name to dwell there destroy all kings and people, that shall put to their hand to alter and to destroy this house of God which is at Jerusalem. I Darius have made a decree; let it be done with speed.",ezra_6_12,https://github.com/seven1m/open-bibles,faith;fear,anger
148,ezra,6,13,,"Then Tatnai, governor on this side the river, Shethar-boznai, and their companions, according to that which Darius the king had sent, so they did speedily.",ezra_6_13,https://github.com/seven1m/open-bibles,,neutral
149,ezra,6,14,,"And the elders of the Jews builded, and they prospered through the prophesying of Haggai the prophet and Zechariah the son of Iddo. And they builded, and finished it, according to the commandment of the God of Israel, and according to the commandment of Cyrus, and Darius, and Artaxerxes king of Persia.",ezra_6_14,https://github.com/seven1m/open-bibles,faith;hope,neutral
150,ezra,6,15,,"And this house was finished on the third day of the month Adar, which was in the sixth year of the reign of Darius the king.",ezra_6_15,https://github.com/seven1m/open-bibles,faith,neutral
151,ezra,6,16,,"And the children of Israel, the priests, and the Levites, and the rest of the children of the captivity, kept the dedication of this house of God with joy,",ezra_6_16,https://github.com/seven1m/open-bibles,faith;love;hope,joy
152,ezra,6,17,,"And offered at the dedication of this house of God an hundred bullocks, two hundred rams, four hundred lambs; and for a sin offering for all Israel, twelve he goats, according to the number of the tribes of Israel.",ezra_6_17,https://github.com/seven1m/open-bibles,faith;forgiveness,disgust
153,ezra,6,18,,"And they set the priests in their divisions, and the Levites in their courses, for the service of God, which is at Jerusalem; as it is written in the book of Moses.",ezra_6_18,https://github.com/seven1m/open-bibles,faith,neutral
154,ezra,6,19,,And the children of the captivity kept the passover upon the fourteenth day of the first month.,ezra_6_19,https://github.com/seven1m/open-bibles,fear;faith;forgiveness,neutral
155,ezra,6,20,,"For the priests and the Levites were purified together, all of them were pure, and killed the passover for all the children of the captivity, and for their brethren the priests, and for themselves.",ezra_6_20,https://github.com/seven1m/open-bibles,forgiveness;faith;love;hope,disgust
156,ezra,6,21,,"And the children of Israel, which were come again out of captivity, and all such as had separated themselves unto them from the filthiness of the heathen of the land, to seek the LORD God of Israel, did eat,",ezra_6_21,https://github.com/seven1m/open-bibles,faith;forgiveness;love,disgust
157,ezra,6,22,,"And kept the feast of unleavened bread seven days with joy: for the LORD had made them joyful, and turned the heart of the king of Assyria unto them, to strengthen their hands in the work of the house of God, the God of Israel.",ezra_6_22,https://github.com/seven1m/open-bibles,faith;hope;love,joy
158,ezra,7,1,,"Now after these things, in the reign of Artaxerxes king of Persia, Ezra the son of Seraiah, the son of Azariah, the son of Hilkiah,",ezra_7_1,https://github.com/seven1m/open-bibles,,neutral
159,ezra,7,2,,"The son of Shallum, the son of Zadok, the son of Ahitub,",ezra_7_2,https://github.com/seven1m/open-bibles,faith,neutral
160,ezra,7,3,,"The son of Amariah, the son of Azariah, the son of Meraioth,",ezra_7_3,https://github.com/seven1m/open-bibles,faith,neutral
161,ezra,7,4,,"The son of Zerahiah, the son of Uzzi, the son of Bukki,",ezra_7_4,https://github.com/seven1m/open-bibles,,neutral
162,ezra,7,5,,"The son of Abishua, the son of Phinehas, the son of Eleazar, the son of Aaron the chief priest:",ezra_7_5,https://github.com/seven1m/open-bibles,faith,neutral
163,ezra,7,6,,"This Ezra went up from Babylon; and he was a ready scribe in the law of Moses, which the LORD God of Israel had given: and the king granted him all his request, according to the hand of the LORD his God upon him.",ezra_7_6,https://github.com/seven1m/open-bibles,faith;hope;forgiveness,neutral
164,ezra,7,7,,"And there went up some of the children of Israel, and of the priests, and the Levites, and the singers, and the porters, and the Nethinims, unto Jerusalem, in the seventh year of Artaxerxes the king.",ezra_7_7,https://github.com/seven1m/open-bibles,faith,neutral
165,ezra,7,8,,"And he came to Jerusalem in the fifth month, which was in the seventh year of the king.",ezra_7_8,https://github.com/seven1m/open-bibles,faith;forgiveness,neutral
166,ezra,7,9,,"For upon the first day of the first month began he to go up from Babylon, and on the first day of the fifth month came he to Jerusalem, according to the good hand of his God upon him.",ezra_7_9,https://github.com/seven1m/open-bibles,faith;hope,joy
167,ezra,7,10,,"For Ezra had prepared his heart to seek the law of the LORD, and to do it, and to teach in Israel statutes and judgments.",ezra_7_10,https://github.com/seven1m/open-bibles,faith;hope,neutral
168,ezra,7,11,,"Now this is the copy of the letter that the king Artaxerxes gave unto Ezra the priest, the scribe, even a scribe of the words of the commandments of the LORD, and of his statutes to Israel.",ezra_7_11,https://github.com/seven1m/open-bibles,faith,neutral
169,ezra,7,12,,"Artaxerxes, king of kings, unto Ezra the priest, a scribe of the law of the God of heaven, perfect peace, and at such a time.",ezra_7_12,https://github.com/seven1m/open-bibles,faith;hope;forgiveness,disgust
170,ezra,7,13,,"I make a decree, that all they of the people of Israel, and of his priests and Levites, in my realm, which are minded of their own freewill to go up to Jerusalem, go with thee.",ezra_7_13,https://github.com/seven1m/open-bibles,faith;forgiveness,neutral
171,ezra,7,14,,"Forasmuch as thou art sent of the king, and of his seven counsellors, to enquire concerning Judah and Jerusalem, according to the law of thy God which is in thine hand;",ezra_7_14,https://github.com/seven1m/open-bibles,faith;fear,anger
172,ezra,7,15,,"And to carry the silver and gold, which the king and his counsellors have freely offered unto the God of Israel, whose habitation is in Jerusalem,",ezra_7_15,https://github.com/seven1m/open-bibles,faith;fear;forgiveness,neutral
173,ezra,7,16,,"And all the silver and gold that thou canst find in all the province of Babylon, with the freewill offering of the people, and of the priests, offering willingly for the house of their God which is in Jerusalem:",ezra_7_16,https://github.com/seven1m/open-bibles,faith;forgiveness,neutral
174,ezra,7,17,,"That thou mayest buy speedily with this money bullocks, rams, lambs, with their meat offerings and their drink offerings, and offer them upon the altar of the house of your God which is in Jerusalem.",ezra_7_17,https://github.com/seven1m/open-bibles,faith;hope,neutral
175,ezra,7,18,,"And whatsoever shall seem good to thee, and to thy brethren, to do with the rest of the silver and the gold, that do after the will of your God.",ezra_7_18,https://github.com/seven1m/open-bibles,faith,neutral
176,ezra,7,19,,"The vessels also that are given thee for the service of the house of thy God, those deliver thou before the God of Jerusalem.",ezra_7_19,https://github.com/seven1m/open-bibles,faith,neutral
177,ezra,7,20,,"And whatsoever more shall be needful for the house of thy God, which thou shalt have occasion to bestow, bestow it out of the king's treasure house.",ezra_7_20,https://github.com/seven1m/open-bibles,faith,neutral
178,ezra,7,21,,"And I, even I Artaxerxes the king, do make a decree to all the treasurers which are beyond the river, that whatsoever Ezra the priest, the scribe of the law of the God of heaven, shall require of you, it be done speedily,",ezra_7_21,https://github.com/seven1m/open-bibles,faith;hope,neutral
179,ezra,7,22,,"Unto an hundred talents of silver, and to an hundred measures of wheat, and to an hundred baths of wine, and to an hundred baths of oil, and salt without prescribing how much.",ezra_7_22,https://github.com/seven1m/open-bibles,forgiveness,neutral
180,ezra,7,23,,"Whatsoever is commanded by the God of heaven, let it be diligently done for the house of the God of heaven: for why should there be wrath against the realm of the king and his sons?",ezra_7_23,https://github.com/seven1m/open-bibles,faith,anger
181,ezra,7,24,,"Also we certify you, that touching any of the priests and Levites, singers, porters, Nethinims, or ministers of this house of God, it shall not be lawful to impose toll, tribute, or custom, upon them.",ezra_7_24,https://github.com/seven1m/open-bibles,faith,disgust
182,ezra,7,25,,"And thou, Ezra, after the wisdom of thy God, that is in thine hand, set magistrates and judges, which may judge all the people that are beyond the river, all such as know the laws of thy God; and teach ye them that know them not.",ezra_7_25,https://github.com/seven1m/open-bibles,faith,neutral
183,ezra,7,26,,"And whosoever will not do the law of thy God, and the law of the king, let judgment be executed speedily upon him, whether it be unto death, or to banishment, or to confiscation of goods, or to imprisonment.",ezra_7_26,https://github.com/seven1m/open-bibles,faith,anger
184,ezra,7,27,,"Blessed be the LORD God of our fathers, which hath put such a thing as this in the king's heart, to beautify the house of the LORD which is in Jerusalem:",ezra_7_27,https://github.com/seven1m/open-bibles,faith;love;hope;forgiveness,neutral
185,ezra,7,28,,"And hath extended mercy unto me before the king, and his counsellors, and before all the king's mighty princes. And I was strengthened as the hand of the LORD my God was upon me, and I gathered together out of Israel chief men to go up with me.",ezra_7_28,https://github.com/seven1m/open-bibles,forgiveness;faith;hope;love,fear
186,ezra,8,1,,"These are now the chief of their fathers, and this is the genealogy of them that went up with me from Babylon, in the reign of Artaxerxes the king.",ezra_8_1,https://github.com/seven1m/open-bibles,faith,neutral
187,ezra,8,2,,Of the sons of Phinehas; Gershom: of the sons of Ithamar; Daniel: of the sons of David; Hattush.,ezra_8_2,https://github.com/seven1m/open-bibles,faith,neutral
188,ezra,8,3,,"Of the sons of Shechaniah, of the sons of Pharosh; Zechariah: and with him were reckoned by genealogy of the males an hundred and fifty.",ezra_8_3,https://github.com/seven1m/open-bibles,faith,neutral
189,ezra,8,4,,"Of the sons of Pahath-moab; Elihoenai the son of Zerahiah, and with him two hundred males.",ezra_8_4,https://github.com/seven1m/open-bibles,,neutral
190,ezra,8,5,,"Of the sons of Shechaniah; the son of Jahaziel, and with him three hundred males.",ezra_8_5,https://github.com/seven1m/open-bibles,,neutral
191,ezra,8,6,,"Of the sons also of Adin; Ebed the son of Jonathan, and with him fifty males.",ezra_8_6,https://github.com/seven1m/open-bibles,,neutral
192,ezra,8,7,,"And of the sons of Elam; Jeshaiah the son of Athaliah, and with him seventy males.",ezra_8_7,https://github.com/seven1m/open-bibles,,neutral
193,ezra,8,8,,"And of the sons of Shephatiah; Zebadiah the son of Michael, and with him fourscore males.",ezra_8_8,https://github.com/seven1m/open-bibles,,neutral
194,ezra,8,9,,"Of the sons of Joab; Obadiah the son of Jehiel, and with him two hundred and eighteen males.",ezra_8_9,https://github.com/seven1m/open-bibles,,neutral
195,ezra,8,10,,"And of the sons of Shelomith; the son of Josiphiah, and with him an hundred and threescore males.",ezra_8_10,https://github.com/seven1m/open-bibles,faith,neutral
196,ezra,8,11,,"And of the sons of Bebai; Zechariah the son of Bebai, and with him twenty and eight males.",ezra_8_11,https://github.com/seven1m/open-bibles,faith,neutral
197,ezra,8,12,,"And of the sons of Azgad; Johanan the son of Hakkatan, and with him an hundred and ten males.",ezra_8_12,https://github.com/seven1m/open-bibles,,neutral
198,ezra,8,13,,"And of the last sons of Adonikam, whose names are these, Eliphelet, Jeiel, and Shemaiah, and with them threescore males.",ezra_8_13,https://github.com/seven1m/open-bibles,faith,neutral
199,ezra,8,14,,"Of the sons also of Bigvai; Uthai, and Zabbud, and with them seventy males.",ezra_8_14,https://github.com/seven1m/open-bibles,,neutral
200,ezra,8,15,,"And I gathered them together to the river than runneth to Ahava; and there abode we in tents three days: and I viewed the people, and the priests, and found there none of the sons of Levi.",ezra_8_15,https://github.com/seven1m/open-bibles,faith;forgiveness;fear,disgust
201,ezra,8,16,,"Then sent I for Eliezer, for Ariel, for Shemaiah, and for Elnathan, and for Jarib, and for Elnathan, and for Nathan, and for Zechariah, and for Meshullam, chief men; also for Joiarib, and for Elnathan, men of understanding.",ezra_8_16,https://github.com/seven1m/open-bibles,faith,neutral
202,ezra,8,17,,"And I sent them with commandment unto Iddo the chief at the place Casiphia, and I told them what they should say unto Iddo, and to his brethren the Nethinims, at the place Casiphia, that they should bring unto us ministers for the house of our God.",ezra_8_17,https://github.com/seven1m/open-bibles,faith;love,neutral
203,ezra,8,18,,"And by the good hand of our God upon us they brought us a man of understanding, of the sons of Mahli, the son of Levi, the son of Israel; and Sherebiah, with his sons and his brethren, eighteen;",ezra_8_18,https://github.com/seven1m/open-bibles,faith;hope;forgiveness,neutral
204,ezra,8,19,,"And Hashabiah, and with him Jeshaiah of the sons of Merari, his brethren and their sons, twenty;",ezra_8_19,https://github.com/seven1m/open-bibles,faith;love,neutral
205,ezra,8,20,,"Also of the Nethinims, whom David and the princes had appointed for the service of the Levites, two hundred and twenty Nethinims: all of them were expressed by name.",ezra_8_20,https://github.com/seven1m/open-bibles,faith,neutral
206,ezra,8,21,,"Then I proclaimed a fast there, at the river of Ahava, that we might afflict ourselves before our God, to seek of him a right way for us, and for our little ones, and for all our substance.",ezra_8_21,https://github.com/seven1m/open-bibles,faith;love,disgust
207,ezra,8,22,,"For I was ashamed to require of the king a band of soldiers and horsemen to help us against the enemy in the way: because we had spoken unto the king, saying, The hand of our God is upon all them for good that seek him; but his power and his wrath is against all them that forsake him.",ezra_8_22,https://github.com/seven1m/open-bibles,fear;faith,disgust
208,ezra,8,23,,So we fasted and besought our God for this: and he was intreated of us.,ezra_8_23,https://github.com/seven1m/open-bibles,faith;forgiveness,anger
209,ezra,8,24,,"Then I separated twelve of the chief of the priests, Sherebiah, Hashabiah, and ten of their brethren with them,",ezra_8_24,https://github.com/seven1m/open-bibles,faith;forgiveness,disgust
210,ezra,8,25,,"And weighed unto them the silver, and the gold, and the vessels, even the offering of the house of our God, which the king, and his counsellors, and his lords, and all Israel there present, had offered:",ezra_8_25,https://github.com/seven1m/open-bibles,faith,neutral
211,ezra,8,26,,"I even weighed unto their hand six hundred and fifty talents of silver, and silver vessels an hundred talents, and of gold an hundred talents;",ezra_8_26,https://github.com/seven1m/open-bibles,faith,neutral
212,ezra,8,27,,"Also twenty basons of gold, of a thousand drams; and two vessels of fine copper, precious as gold.",ezra_8_27,https://github.com/seven1m/open-bibles,,neutral
213,ezra,8,28,,"And I said unto them, Ye are holy unto the LORD; the vessels are holy also; and the silver and the gold are a freewill offering unto the LORD God of your fathers.",ezra_8_28,https://github.com/seven1m/open-bibles,faith;forgiveness,neutral
214,ezra,8,29,,"Watch ye, and keep them, until ye weigh them before the chief of the priests and the Levites, and chief of the fathers of Israel, at Jerusalem, in the chambers of the house of the LORD.",ezra_8_29,https://github.com/seven1m/open-bibles,fear;faith,disgust
215,ezra,8,30,,"So took the priests and the Levites the weight of the silver, and the gold, and the vessels, to bring them to Jerusalem unto the house of our God.",ezra_8_30,https://github.com/seven1m/open-bibles,faith,neutral
216,ezra,8,31,,"Then we departed from the river of Ahava on the twelfth day of the first month, to go unto Jerusalem: and the hand of our God was upon us, and he delivered us from the hand of the enemy, and of such as lay in wait by the way.",ezra_8_31,https://github.com/seven1m/open-bibles,faith;hope;forgiveness;love,fear
217,ezra,8,32,,"And we came to Jerusalem, and abode there three days.",ezra_8_32,https://github.com/seven1m/open-bibles,faith;forgiveness,neutral
218,ezra,8,33,,"Now on the fourth day was the silver and the gold and the vessels weighed in the house of our God by the hand of Meremoth the son of Uriah the priest; and with him was Eleazar the son of Phinehas; and with them was Jozabad the son of Jeshua, and Noadiah the son of Binnui, Levites;",ezra_8_33,https://github.com/seven1m/open-bibles,faith,neutral
219,ezra,8,34,,By number and by weight of every one: and all the weight was written at that time.,ezra_8_34,https://github.com/seven1m/open-bibles,,neutral
220,ezra,8,35,,"Also the children of those that had been carried away, which were come out of the captivity, offered burnt offerings unto the God of Israel, twelve bullocks for all Israel, ninety and six rams, seventy and seven lambs, twelve he goats for a sin offering: all this was a burnt offering unto the LORD.",ezra_8_35,https://github.com/seven1m/open-bibles,faith,disgust
221,ezra,8,36,,"And they delivered the king's commissions unto the king's lieutenants, and to the governors on this side the river: and they furthered the people, and the house of God.",ezra_8_36,https://github.com/seven1m/open-bibles,faith;hope,disgust
222,ezra,9,1,,"Now when these things were done, the princes came to me, saying, The people of Israel, and the priests, and the Levites, have not separated themselves from the people of the lands, doing according to their abominations, even of the Canaanites, the Hittites, the Perizzites, the Jebusites, the Ammonites, the Moabites, the Egyptians, and the Amorites.",ezra_9_1,https://github.com/seven1m/open-bibles,forgiveness;faith;hope,disgust
223,ezra,9,2,,"For they have taken of their daughters for themselves, and for their sons: so that the holy seed have mingled themselves with the people of those lands: yea, the hand of the princes and rulers hath been chief in this trespass.",ezra_9_2,https://github.com/seven1m/open-bibles,,disgust
224,ezra,9,3,,"And when I heard this thing, I rent my garment and my mantle, and plucked off the hair of my head and of my beard, and sat down astonied.",ezra_9_3,https://github.com/seven1m/open-bibles,fear;faith;forgiveness,surprise
225,ezra,9,4,,"Then were assembled unto me every one that trembled at the words of the God of Israel, because of the transgression of those that had been carried away; and I sat astonied until the evening sacrifice.",ezra_9_4,https://github.com/seven1m/open-bibles,fear;faith;forgiveness,fear
226,ezra,9,5,,"And at the evening sacrifice I arose up from my heaviness; and having rent my garment and my mantle, I fell upon my knees, and spread out my hands unto the LORD my God.",ezra_9_5,https://github.com/seven1m/open-bibles,love;faith;forgiveness;hope;fear,sadness
227,ezra,9,6,,"And said, O my God, I am ashamed and blush to lift up my face to thee, my God: for our iniquities are increased over our head, and our trespass is grown up unto the heavens.",ezra_9_6,https://github.com/seven1m/open-bibles,fear,disgust
228,ezra,9,7,,"Since the days of our fathers have we been in a great trespass unto this day; and for our iniquities have we, our kings, and our priests, been delivered into the hand of the kings of the lands, to the sword, to captivity, and to a spoil, and to confusion of face, as it is this day.",ezra_9_7,https://github.com/seven1m/open-bibles,fear,neutral
229,ezra,9,8,,"And now for a little space grace hath been shewed from the LORD our God, to leave us a remnant to escape, and to give us a nail in his holy place, that our God may lighten our eyes, and give us a little reviving in our bondage.",ezra_9_8,https://github.com/seven1m/open-bibles,forgiveness;hope;faith,neutral
230,ezra,9,9,,"For we were bondmen; yet our God hath not forsaken us in our bondage, but hath extended mercy unto us in the sight of the kings of Persia, to give us a reviving, to set up the house of our God, and to repair the desolations thereof, and to give us a wall in Judah and in Jerusalem.",ezra_9_9,https://github.com/seven1m/open-bibles,forgiveness;hope;faith;love,neutral
231,ezra,9,10,,"And now, O our God, what shall we say after this? for we have forsaken thy commandments,",ezra_9_10,https://github.com/seven1m/open-bibles,,disgust
232,ezra,9,11,,"Which thou hast commanded by thy servants the prophets, saying, The land, unto which ye go to possess it, is an unclean land with the filthiness of the people of the lands, with their abominations, which have filled it from one end to another with their uncleanness.",ezra_9_11,https://github.com/seven1m/open-bibles,faith,disgust
233,ezra,9,12,,"Now therefore give not your daughters unto their sons, neither take their daughters unto your sons, nor seek their peace or their wealth for ever: that ye may be strong, and eat the good of the land, and leave it for an inheritance to your children for ever.",ezra_9_12,https://github.com/seven1m/open-bibles,faith;fear,anger
234,ezra,9,13,,"And after all that is come upon us for our evil deeds, and for our great trespass, seeing that thou our God hast punished us less than our iniquities deserve, and hast given us such deliverance as this;",ezra_9_13,https://github.com/seven1m/open-bibles,forgiveness;hope;faith,anger
235,ezra,9,14,,"Should we again break thy commandments, and join in affinity with the people of these abominations? wouldest not thou be angry with us till thou hadst consumed us, so that there should be no remnant nor escaping?",ezra_9_14,https://github.com/seven1m/open-bibles,fear,anger
236,ezra,9,15,,"O LORD God of Israel, thou art righteous: for we remain yet escaped, as it is this day: behold, we are before thee in our trespasses: for we cannot stand before thee because of this.",ezra_9_15,https://github.com/seven1m/open-bibles,fear;faith,fear
237,ezra,10,1,,"Now when Ezra had prayed, and when he had confessed, weeping and casting himself down before the house of God, there assembled unto him out of Israel a very great congregation of men and women and children: for the people wept very sore.",ezra_10_1,https://github.com/seven1m/open-bibles,faith;forgiveness;love;fear,sadness
238,ezra,10,2,,"And Shechaniah the son of Jehiel, one of the sons of Elam, answered and said unto Ezra, We have trespassed against our God, and have taken strange wives of the people of the land: yet now there is hope in Israel concerning this thing.",ezra_10_2,https://github.com/seven1m/open-bibles,hope;forgiveness;faith,surprise
239,ezra,10,3,,"Now therefore let us make a covenant with our God to put away all the wives, and such as are born of them, according to the counsel of my lord, and of those that tremble at the commandment of our God; and let it be done according to the law.",ezra_10_3,https://github.com/seven1m/open-bibles,fear;faith,fear
240,ezra,10,4,,"Arise; for this matter belongeth unto thee: we also will be with thee: be of good courage, and do it.",ezra_10_4,https://github.com/seven1m/open-bibles,faith;hope,neutral
241,ezra,10,5,,"Then arose Ezra, and made the chief priests, the Levites, and all Israel, to swear that they should do according to this word. And they sware.",ezra_10_5,https://github.com/seven1m/open-bibles,faith;hope,neutral
242,ezra,10,6,,"Then Ezra rose up from before the house of God, and went into the chamber of Johanan the son of Eliashib: and when he came thither, he did eat no bread, nor drink water: for he mourned because of the transgression of them that had been carried away.",ezra_10_6,https://github.com/seven1m/open-bibles,fear;faith,sadness
243,ezra,10,7,,"And they made proclamation throughout Judah and Jerusalem unto all the children of the captivity, that they should gather themselves together unto Jerusalem;",ezra_10_7,https://github.com/seven1m/open-bibles,faith;hope;forgiveness,neutral
244,ezra,10,8,,"And that whosoever would not come within three days, according to the counsel of the princes and the elders, all his substance should be forfeited, and himself separated from the congregation of those that had been carried away.",ezra_10_8,https://github.com/seven1m/open-bibles,fear,neutral
245,ezra,10,9,,"Then all the men of Judah and Benjamin gathered themselves together unto Jerusalem within three days. It was the ninth month, on the twentieth day of the month; and all the people sat in the street of the house of God, trembling because of this matter, and for the great rain.",ezra_10_9,https://github.com/seven1m/open-bibles,fear;faith,fear
246,ezra,10,10,,"And Ezra the priest stood up, and said unto them, Ye have transgressed, and have taken strange wives, to increase the trespass of Israel.",ezra_10_10,https://github.com/seven1m/open-bibles,fear,disgust
247,ezra,10,11,,"Now therefore make confession unto the LORD God of your fathers, and do his pleasure: and separate yourselves from the people of the land, and from the strange wives.",ezra_10_11,https://github.com/seven1m/open-bibles,faith;fear,fear
248,ezra,10,12,,"Then all the congregation answered and said with a loud voice, As thou hast said, so must we do.",ezra_10_12,https://github.com/seven1m/open-bibles,faith,neutral
249,ezra,10,13,,"But the people are many, and it is a time of much rain, and we are not able to stand without, neither is this a work of one day or two: for we are many that have transgressed in this thing.",ezra_10_13,https://github.com/seven1m/open-bibles,,neutral
250,ezra,10,14,,"Let now our rulers of all the congregation stand, and let all them which have taken strange wives in our cities come at appointed times, and with them the elders of every city, and the judges thereof, until the fierce wrath of our God for this matter be turned from us.",ezra_10_14,https://github.com/seven1m/open-bibles,faith;fear;forgiveness;hope,anger
251,ezra,10,15,,Only Jonathan the son of Asahel and Jahaziah the son of Tikvah were employed about this matter: and Meshullam and Shabbethai the Levite helped them.,ezra_10_15,https://github.com/seven1m/open-bibles,faith,neutral
252,ezra,10,16,,"And the children of the captivity did so. And Ezra the priest, with certain chief of the fathers, after the house of their fathers, and all of them by their names, were separated, and sat down in the first day of the tenth month to examine the matter.",ezra_10_16,https://github.com/seven1m/open-bibles,faith;forgiveness,disgust
253,ezra,10,17,,And they made an end with all the men that had taken strange wives by the first day of the first month.,ezra_10_17,https://github.com/seven1m/open-bibles,forgiveness;faith,disgust
254,ezra,10,18,,"And among the sons of the priests there were found that had taken strange wives: namely, of the sons of Jeshua the son of Jozadak, and his brethren; Maaseiah, and Eliezer, and Jarib, and Gedaliah.",ezra_10_18,https://github.com/seven1m/open-bibles,,surprise
255,ezra,10,19,,"And they gave their hands that they would put away their wives; and being guilty, they offered a ram of the flock for their trespass.",ezra_10_19,https://github.com/seven1m/open-bibles,fear;faith,anger
256,ezra,10,20,,"And of the sons of Immer; Hanani, and Zebadiah.",ezra_10_20,https://github.com/seven1m/open-bibles,faith,neutral
257,ezra,10,21,,"And of the sons of Harim; Maaseiah, and Elijah, and Shemaiah, and Jehiel, and Uzziah.",ezra_10_21,https://github.com/seven1m/open-bibles,faith,neutral
258,ezra,10,22,,"And of the sons of Pashur; Elioenai, Maaseiah, Ishmael, Nethaneel, Jozabad, and Elasah.",ezra_10_22,https://github.com/seven1m/open-bibles,,neutral
259,ezra,10,23,,"Also of the Levites; Jozabad, and Shimei, and Kelaiah, (the same is Kelita,) Pethahiah, Judah, and Eliezer.",ezra_10_23,https://github.com/seven1m/open-bibles,faith,neutral
260,ezra,10,24,,"Of the singers also; Eliashib: and of the porters; Shallum, and Telem, and Uri.",ezra_10_24,https://github.com/seven1m/open-bibles,faith,neutral
261,ezra,10,25,,"Moreover of Israel: of the sons of Parosh; Ramiah, and Jeziah, and Malchiah, and Miamin, and Eleazar, and Malchijah, and Benaiah.",ezra_10_25,https://github.com/seven1m/open-bibles,faith,neutral
262,ezra,10,26,,"And of the sons of Elam; Mattaniah, Zechariah, and Jehiel, and Abdi, and Jeremoth, and Eliah.",ezra_10_26,https://github.com/seven1m/open-bibles,faith,neutral
263,ezra,10,27,,"And of the sons of Zattu; Elioenai, Eliashib, Mattaniah, and Jeremoth, and Zabad, and Aziza.",ezra_10_27,https://github.com/seven1m/open-bibles,,neutral
264,ezra,10,28,,"Of the sons also of Bebai; Jehohanan, Hananiah, Zabbai, and Athlai.",ezra_10_28,https://github.com/seven1m/open-bibles,faith,neutral
265,ezra,10,29,,"And of the sons of Bani; Meshullam, Malluch, and Adaiah, Jashub, and Sheal, and Ramoth.",ezra_10_29,https://github.com/seven1m/open-bibles,faith,neutral
266,ezra,10,30,,"And of the sons of Pahath-moab; Adna, and Chelal, Benaiah, Maaseiah, Mattaniah, Bezaleel, and Binnui, and Manasseh.",ezra_10_30,https://github.com/seven1m/open-bibles,faith,neutral
267,ezra,10,31,,"And of the sons of Harim; Eliezer, Ishijah, Malchiah, Shemaiah, Shimeon,",ezra_10_31,https://github.com/seven1m/open-bibles,faith,neutral
268,ezra,10,32,,"Benjamin, Malluch, and Shemariah.",ezra_10_32,https://github.com/seven1m/open-bibles,,neutral
269,ezra,10,33,,"Of the sons of Hashum; Mattenai, Mattathah, Zabad, Eliphelet, Jeremai, Manasseh, and Shimei.",ezra_10_33,https://github.com/seven1m/open-bibles,,neutral
270,ezra,10,34,,"Of the sons of Bani; Maadai, Amram, and Uel,",ezra_10_34,https://github.com/seven1m/open-bibles,,sadness
271,ezra,10,35,,"Benaiah, Bedeiah, Chelluh,",ezra_10_35,https://github.com/seven1m/open-bibles,,neutral
272,ezra,10,36,,"Vaniah, Meremoth, Eliashib,",ezra_10_36,https://github.com/seven1m/open-bibles,,neutral
273,ezra,10,37,,"Mattaniah, Mattenai, and Jaasau,",ezra_10_37,https://github.com/seven1m/open-bibles,,neutral
274,ezra,10,38,,"And Bani, and Binnui, Shimei,",ezra_10_38,https://github.com/seven1m/open-bibles,,neutral
275,ezra,10,39,,"And Shelemiah, and Nathan, and Adaiah,",ezra_10_39,https://github.com/seven1m/open-bibles,,neutral
276,ezra,10,40,,"Machnadebai, Shashai, Sharai,",ezra_10_40,https://github.com/seven1m/open-bibles,,neutral
277,ezra,10,41,,"Azareel, and Shelemiah, Shemariah,",ezra_10_41,https://github.com/seven1m/open-bibles,faith,neutral
278,ezra,10,42,,"Shallum, Amariah, and Joseph.",ezra_10_42,https://github.com/seven1m/open-bibles,faith,neutral
279,ezra,10,43,,"Of the sons of Nebo; Jeiel, Mattithiah, Zabad, Zebina, Jadau, and Joel, Benaiah.",ezra_10_43,https://github.com/seven1m/open-bibles,faith,neutral
280,ezra,10,44,,All these had taken strange wives: and some of them had wives by whom they had children.,ezra_10_44,https://github.com/seven1m/open-bibles,,surprise
